{"cameraMode":{"drawMode":0,"name":"Shaded","section":"Shading Mode"},"sceneLighting":true,"audioPlay":false,"sceneViewState":{"m_AlwaysRefresh":false,"showFog":true,"showSkybox":true,"showFlares":true,"showImageEffects":true,"showParticleSystems":true,"showVisualEffectGraphs":true,"m_FxEnabled":true},"in2DMode":false,"pivot":{"x":25.93000030517578,"y":4.020000457763672,"z":14.5649995803833},"rotation":{"x":0.004728652536869049,"y":0.9891427755355835,"z":-0.14343290030956269,"w":0.03267901390790939},"size":15.662647247314454,"orthographic":true}