{"cameraMode":{"drawMode":0,"name":"Shaded","section":"Shading Mode"},"sceneLighting":false,"audioPlay":false,"sceneViewState":{"m_AlwaysRefresh":false,"showFog":true,"showSkybox":false,"showFlares":true,"showImageEffects":true,"showParticleSystems":true,"showVisualEffectGraphs":true,"m_FxEnabled":true},"in2DMode":false,"pivot":{"x":0.059383392333984378,"y":-0.8002045154571533,"z":0.049083709716796878},"rotation":{"x":0.058588750660419467,"y":-0.30153313279151919,"z":0.018567180261015893,"w":0.9514721632003784},"size":16.010114669799806,"orthographic":true}