{"cameraMode":{"drawMode":0,"name":"Shaded","section":"Shading Mode"},"sceneLighting":false,"audioPlay":false,"sceneViewState":{"m_AlwaysRefresh":false,"showFog":true,"showSkybox":false,"showFlares":true,"showImageEffects":true,"showParticleSystems":true,"showVisualEffectGraphs":true,"m_FxEnabled":true},"in2DMode":false,"pivot":{"x":-0.008889224380254746,"y":-0.07325124740600586,"z":-0.007128067314624786},"rotation":{"x":0.19292372465133668,"y":-0.7508609890937805,"z":0.24966078996658326,"w":0.5802227258682251},"size":0.17674915492534638,"orthographic":true}